Start;End;Sleep quality;Time in bed;Wake up;Sleep Notes;Heart rate;Activity (steps)
2017-10-13 21:21:52;2017-10-14 06:00:36;89%;8:38;;;0;0
2017-10-15 22:14:46;2017-10-16 05:59:54;70%;7:45;;;0;0
2017-10-16 22:08:02;2017-10-17 05:58:17;94%;7:50;;;0;0
2017-10-17 21:43:22;2017-10-18 06:03:00;78%;8:19;;;0;0
2017-10-18 22:11:28;2017-10-19 06:05:14;67%;7:53;;;0;0
2017-10-20 23:50:48;2017-10-21 05:40:33;50%;5:49;;;0;4054
2017-10-21 22:15:11;2017-10-22 06:20:44;100%;8:05;;;0;1351
2017-10-22 22:12:19;2017-10-23 06:00:06;92%;7:47;;;0;3382
2017-10-23 22:40:23;2017-10-24 05:59:35;85%;7:19;;;0;379
2017-10-24 23:10:20;2017-10-25 06:01:09;73%;6:50;;;0;3732
2017-10-25 23:41:48;2017-10-26 07:30:38;81%;7:48;;;0;2509
2017-10-26 23:04:46;2017-10-27 09:36:50;75%;10:32;;;0;4159
2017-10-29 22:54:58;2017-10-30 05:58:04;80%;7:03;;;0;132
2017-10-30 23:12:07;2017-10-31 07:27:12;85%;8:15;;;0;2082
2017-10-31 22:38:48;2017-11-01 06:13:39;74%;7:34;;;0;9461
2017-11-02 00:00:50;2017-11-02 07:45:16;79%;7:44;;;0;565
2017-11-02 22:53:10;2017-11-03 06:00:48;80%;7:07;;;0;3795
2017-11-03 21:57:46;2017-11-04 06:00:27;95%;8:02;;;0;6821
2017-11-05 02:24:59;2017-11-05 08:35:34;69%;6:10;;;0;3270
2017-11-05 22:09:27;2017-11-06 06:09:48;77%;8:00;;;0;1717
2017-11-06 23:28:27;2017-11-07 07:30:38;67%;8:02;;;0;12713
2017-11-07 22:49:04;2017-11-08 07:30:35;84%;8:41;;;0;1308
2017-11-09 22:28:49;2017-11-10 07:29:43;77%;9:00;;;0;12873
2017-11-11 01:50:40;2017-11-11 07:54:28;67%;6:03;;;0;2261
2017-11-12 00:13:32;2017-11-12 08:09:49;79%;7:56;;;0;13183
2017-11-13 01:10:42;2017-11-13 08:48:27;62%;7:37;;;0;442
2017-11-13 22:45:54;2017-11-14 07:35:08;76%;8:49;;;0;383
2017-11-14 23:20:45;2017-11-15 07:34:19;90%;8:13;;;0;11868
2017-11-15 23:31:34;2017-11-16 07:34:30;85%;8:02;;;0;11652
2017-11-17 01:16:33;2017-11-17 08:55:35;76%;7:39;;;0;1406
2017-11-18 00:42:57;2017-11-18 08:55:37;87%;8:12;;;0;318
2017-11-19 02:46:06;2017-11-19 10:55:03;89%;8:08;;;0;3106
2017-11-19 22:28:43;2017-11-20 07:34:34;90%;9:05;;;0;1345
2017-11-20 22:56:11;2017-11-21 07:34:51;100%;8:38;;;0;653
2017-11-21 23:34:11;2017-11-22 07:35:10;78%;8:00;;;0;16763
2017-11-22 22:35:02;2017-11-23 05:13:47;72%;6:38;;;0;667
2017-11-23 22:24:51;2017-11-24 06:46:04;83%;8:21;;;0;3093
2017-11-25 01:46:27;2017-11-25 10:08:51;88%;8:22;;;0;1313
2017-11-25 23:17:06;2017-11-26 07:30:39;89%;8:13;;;0;2413
2017-11-26 23:28:03;2017-11-27 06:49:09;95%;7:21;;;0;1788
2017-11-27 22:03:34;2017-11-28 06:55:26;100%;8:51;;;0;9759
2017-11-28 20:48:51;2017-11-29 06:42:40;100%;9:53;;;0;8808
2017-11-29 21:52:23;2017-11-30 06:48:52;100%;8:56;;;0;13698
2017-11-30 22:09:52;2017-12-01 06:59:10;92%;8:49;;;0;3828
2017-12-03 01:22:12;2017-12-03 09:28:55;88%;8:06;;;0;3596
2017-12-03 22:39:17;2017-12-04 07:08:05;85%;8:28;;;0;2557
2017-12-04 22:52:13;2017-12-05 07:10:51;88%;8:18;;;0;1683
2017-12-05 22:54:58;2017-12-06 07:10:35;79%;8:15;;;0;1357
2017-12-07 22:34:47;2017-12-08 06:29:55;85%;7:55;;;0;3701
2017-12-08 23:13:24;2017-12-09 06:50:39;98%;7:37;;;0;3926
2017-12-09 23:55:42;2017-12-10 07:50:35;99%;7:54;;;0;7598
2017-12-11 00:25:45;2017-12-11 07:45:08;65%;7:19;;;0;1617
2017-12-12 01:32:55;2017-12-12 10:59:41;89%;9:26;;;0;17643
2017-12-12 23:07:40;2017-12-13 09:53:15;92%;10:45;;;0;10879
2017-12-13 23:10:03;2017-12-14 07:40:24;80%;8:30;;;0;12016
2017-12-14 23:36:12;2017-12-15 08:29:49;91%;8:53;;;0;11949
2017-12-17 22:13:45;2017-12-18 08:10:26;79%;9:56;;;0;3727
2017-12-18 22:48:44;2017-12-19 07:28:26;91%;8:39;;;0;8991
2017-12-19 22:30:44;2017-12-20 07:28:37;88%;8:57;;;0;347
2017-12-21 00:41:32;2017-12-21 08:45:32;68%;8:04;;;0;4161
2017-12-24 02:20:38;2017-12-24 08:00:58;62%;5:40;;;0;2891
2017-12-24 22:58:51;2017-12-25 07:40:09;90%;8:41;;;0;1157
2017-12-25 23:26:25;2017-12-26 09:10:27;100%;9:44;;;0;986
2017-12-28 00:34:51;2017-12-28 07:09:41;74%;6:34;;;0;996
2017-12-29 01:03:06;2017-12-29 08:50:40;89%;7:47;;;0;2881
2017-12-30 03:12:00;2017-12-30 10:30:25;90%;7:18;;;0;5520
2017-12-30 22:17:41;2017-12-31 07:39:45;97%;9:22;;;0;4039
2018-01-01 22:43:23;2018-01-02 07:25:43;100%;8:42;;;0;2253
2018-01-03 00:32:43;2018-01-03 09:43:20;83%;9:10;;;0;13501
2018-01-03 23:39:09;2018-01-04 08:40:56;94%;9:01;;;0;701
2018-01-04 23:06:09;2018-01-05 08:09:44;100%;9:03;;;0;548
2018-01-06 00:30:08;2018-01-06 08:30:31;91%;8:00;;;0;161
2018-01-07 01:41:03;2018-01-07 09:40:05;93%;7:59;;;0;2160
2018-01-07 22:32:04;2018-01-08 06:29:46;89%;7:57;;;0;719
2018-01-08 23:23:39;2018-01-09 06:29:53;81%;7:06;;;0;4760
2018-01-09 22:48:48;2018-01-10 06:29:43;80%;7:40;;;0;5574
2018-01-11 02:34:48;2018-01-11 06:51:48;46%;4:16;;;0;5484
2018-01-13 01:58:00;2018-01-13 09:59:54;97%;8:01;;;0;785
2018-01-14 01:46:55;2018-01-14 10:00:35;100%;8:13;;;0;573
2018-01-15 01:30:12;2018-01-15 09:59:45;95%;8:29;;;0;670
2018-01-15 23:35:00;2018-01-16 07:04:52;86%;7:29;;;0;773
2018-01-17 00:06:33;2018-01-17 07:04:41;73%;6:58;;;0;5695
2018-01-17 23:46:28;2018-01-18 07:05:21;83%;7:18;;;0;4013
2018-01-18 23:29:49;2018-01-19 07:04:42;83%;7:34;;;0;5307
2018-01-21 23:19:19;2018-01-22 06:54:57;63%;7:35;;;0;4145
2018-01-22 22:55:39;2018-01-23 06:54:11;88%;7:58;;;0;15730
2018-01-23 23:32:57;2018-01-24 07:04:17;76%;7:31;;;0;4885
2018-01-25 00:34:56;2018-01-25 06:40:27;71%;6:05;;;0;5101
2018-01-26 00:05:08;2018-01-26 07:00:02;78%;6:54;;;0;6155
2018-01-26 23:54:05;2018-01-27 08:30:01;90%;8:35;;;0;2724
2018-01-28 02:47:22;2018-01-28 09:56:15;83%;7:08;;;0;0
2018-01-28 22:59:35;2018-01-29 06:58:51;82%;7:59;;;0;12466
2018-01-29 23:40:16;2018-01-30 07:00:24;80%;7:20;;;0;5156
2018-01-30 23:26:44;2018-01-31 06:59:31;75%;7:32;;;0;5600
2018-01-31 23:10:54;2018-02-01 07:00:13;74%;7:49;;;0;10152
2018-02-01 23:19:18;2018-02-02 07:00:40;77%;7:41;;;0;4949
2018-02-04 02:06:53;2018-02-04 08:25:26;57%;6:18;;;0;1119
2018-02-04 23:32:18;2018-02-05 06:59:25;89%;7:27;;;0;2151
2018-02-06 01:16:01;2018-02-06 07:00:09;70%;5:44;;;0;3731
2018-02-06 23:38:08;2018-02-07 06:59:19;76%;7:21;;;0;5151
2018-02-07 23:57:53;2018-02-08 07:00:06;67%;7:02;;;0;4145
2018-02-09 00:37:55;2018-02-09 07:00:42;64%;6:22;;;0;3962
2018-02-10 02:16:42;2018-02-10 10:00:17;79%;7:43;;;0;5960
2018-02-11 23:03:24;2018-02-12 07:00:34;95%;7:57;;;0;959
2018-02-12 23:10:02;2018-02-13 07:01:24;84%;7:51;;;0;2943
2018-02-13 22:43:25;2018-02-14 07:00:17;76%;8:16;;;0;6314
2018-02-14 22:31:10;2018-02-15 06:59:54;94%;8:28;;;0;3589
2018-02-15 22:18:05;2018-02-16 06:59:48;87%;8:41;;;0;10135
2018-02-18 03:28:14;2018-02-18 10:00:42;80%;6:32;;;0;5718
2018-02-18 23:26:54;2018-02-19 06:57:28;75%;7:30;;;0;7493
2018-02-19 23:16:05;2018-02-20 06:55:56;76%;7:39;;;0;3295
2018-02-20 23:13:58;2018-02-21 07:15:29;82%;8:01;;;0;14845
2018-02-21 23:04:24;2018-02-22 07:15:36;76%;8:11;;;0;6788
2018-02-22 22:18:32;2018-02-23 06:58:11;82%;8:39;;;0;4336
2018-02-25 21:37:18;2018-02-26 06:59:17;83%;9:21;;;0;1082
2018-02-26 22:16:35;2018-02-27 06:55:50;79%;8:39;;;0;5319
2018-02-27 21:45:22;2018-02-28 06:57:53;92%;9:12;;;0;12185
2018-02-28 23:25:31;2018-03-01 07:00:47;75%;7:35;;;0;5401
2018-03-01 22:53:42;2018-03-02 06:59:32;75%;8:05;;;0;3137
2018-03-10 23:06:21;2018-03-11 07:31:01;69%;7:24;;;0;1988
2018-03-11 23:22:04;2018-03-12 07:00:37;89%;7:38;;;0;3773
2018-03-12 22:59:15;2018-03-13 06:58:58;84%;7:59;;;0;3539
2018-03-13 23:05:28;2018-03-14 07:00:36;92%;7:55;;;0;4746
2018-03-14 23:10:26;2018-03-15 06:30:19;78%;7:19;;;0;4087
2018-03-15 23:15:07;2018-03-16 06:59:23;83%;7:44;;;0;4670
2018-03-17 22:12:10;2018-03-18 07:30:49;91%;9:18;;;0;1261
2018-03-19 00:10:02;2018-03-19 07:29:55;81%;7:19;;;0;2790
2018-03-19 23:49:52;2018-03-20 07:29:38;79%;7:39;;;0;3914
2018-03-20 23:34:25;2018-03-21 07:30:44;79%;7:56;;;0;3380
2018-03-21 22:32:40;2018-03-22 06:50:33;91%;8:17;;;0;3012
2018-03-23 00:41:58;2018-03-23 07:36:27;84%;6:54;;;0;4415
2018-03-24 00:04:15;2018-03-24 08:17:21;91%;8:13;;;0;3712
2018-03-25 01:52:19;2018-03-25 09:21:14;80%;7:28;;;0;4491
2018-03-25 23:23:13;2018-03-26 07:10:36;83%;7:47;;;0;1686
2018-03-26 22:56:26;2018-03-27 07:09:38;89%;8:13;;;0;4354
2018-03-27 21:22:43;2018-03-28 06:29:45;96%;9:07;;;0;5099
2018-03-28 23:31:40;2018-03-29 06:27:16;69%;6:55;;;0;3546
2018-03-29 23:17:14;2018-03-30 06:30:29;81%;7:13;;;0;4197
2018-03-31 07:00:42;2018-03-31 11:30:08;51%;4:29;;;0;0
2018-03-31 22:23:10;2018-04-01 07:30:17;84%;9:07;;;0;7067
2018-04-01 23:29:44;2018-04-02 07:09:40;88%;7:39;;;0;2137
2018-04-02 22:49:57;2018-04-03 06:31:04;79%;7:41;;;0;3315
2018-04-03 22:07:39;2018-04-04 03:24:39;59%;5:17;;;0;4999
2018-04-04 22:49:17;2018-04-05 06:28:54;88%;7:39;;;0;3144
2018-04-05 23:08:15;2018-04-06 06:30:12;81%;7:21;;;0;4966
2018-04-06 22:53:40;2018-04-07 07:48:41;93%;8:55;;;0;7128
2018-04-08 02:13:04;2018-04-08 09:14:15;85%;7:01;;;0;4606
2018-04-08 23:43:02;2018-04-09 06:29:50;81%;6:46;;;0;1766
2018-04-09 23:15:50;2018-04-10 06:15:09;83%;6:59;;;0;3455
2018-04-11 01:02:57;2018-04-11 07:40:48;76%;6:37;;;0;6756
2018-04-11 22:48:55;2018-04-12 06:29:56;88%;7:41;;;0;6243
2018-04-14 01:25:58;2018-04-14 07:37:10;66%;6:11;;;0;6203
2018-04-15 23:00:33;2018-04-16 06:29:40;76%;7:29;;;0;3516
2018-04-16 22:48:15;2018-04-17 06:29:05;81%;7:40;;;0;3874
2018-04-19 22:51:57;2018-04-20 07:30:20;85%;8:38;;;0;1239
2018-04-20 23:18:51;2018-04-21 07:30:42;84%;8:11;;;0;3531
2018-04-22 01:29:49;2018-04-22 08:29:36;71%;6:59;;;0;9385
2018-04-22 22:20:15;2018-04-23 07:29:41;89%;9:09;;;0;1774
2018-04-23 22:29:54;2018-04-24 03:46:55;49%;5:17;;;0;5481
2018-04-24 22:54:30;2018-04-25 07:00:33;88%;8:06;;;0;3554
2018-04-25 23:48:05;2018-04-26 07:30:05;84%;7:42;;;0;3926
2018-04-27 00:33:51;2018-04-27 07:30:19;66%;6:56;;;0;3786
2018-04-28 00:34:11;2018-04-28 08:29:51;58%;7:55;;;0;11483
2018-04-28 23:39:48;2018-04-29 07:35:36;62%;7:55;;;0;1690
2018-04-29 22:58:15;2018-04-30 07:32:17;85%;8:34;;;0;4799
2018-04-30 23:35:16;2018-05-01 07:35:16;69%;8:00;;;0;4976
2018-05-01 22:25:02;2018-05-02 07:36:04;68%;9:11;;;0;1056
2018-05-02 23:08:09;2018-05-03 07:34:18;70%;8:26;;;0;771
2018-05-03 22:21:56;2018-05-04 07:33:32;63%;9:11;;;0;578
2018-05-04 22:52:54;2018-05-05 07:35:39;82%;8:42;;;0;1019
2018-05-06 02:33:16;2018-05-06 09:30:02;71%;6:56;;;0;7913
2018-05-07 05:23:43;2018-05-07 11:29:48;70%;6:06;;;0;9091
2018-05-10 23:52:08;2018-05-11 06:15:51;63%;6:23;;;0;3611
2018-05-13 22:14:27;2018-05-14 06:17:40;71%;8:03;;;0;1928
2018-05-14 22:55:19;2018-05-15 06:20:19;70%;7:25;;;0;6827
2018-05-15 23:04:18;2018-05-16 06:18:44;53%;7:14;;;0;6285
2018-05-17 01:15:46;2018-05-17 06:18:15;45%;5:02;;;0;6351
2018-05-17 23:48:26;2018-05-18 09:30:52;68%;9:42;;;0;5664
2018-05-19 00:06:38;2018-05-19 08:59:44;80%;8:53;;;0;920
2018-05-20 02:56:33;2018-05-20 09:35:30;72%;6:38;;;0;2397
2018-05-20 22:33:12;2018-05-21 06:19:36;74%;7:46;;;0;11608
2018-05-22 00:42:54;2018-05-22 06:19:01;63%;5:36;;;0;13278
2018-05-23 00:05:41;2018-05-23 06:40:52;72%;6:35;;;0;5431
2018-05-24 00:42:29;2018-05-24 06:10:23;47%;5:27;;;0;11037
2018-05-25 00:24:13;2018-05-25 08:50:42;67%;8:26;;;0;10153
2018-05-26 01:44:45;2018-05-26 09:44:54;86%;8:00;;;0;4112
2018-05-26 23:53:19;2018-05-27 08:00:03;86%;8:06;;;0;8501
2018-05-27 22:44:38;2018-05-28 06:49:27;94%;8:04;;;0;526
2018-05-29 00:32:31;2018-05-29 06:37:23;78%;6:04;;;0;1614
2018-05-29 23:01:08;2018-05-30 06:39:09;61%;7:38;;;0;8919
2018-05-31 01:28:16;2018-05-31 06:23:24;60%;4:55;;;0;8607
2018-05-31 22:54:13;2018-06-01 07:26:58;92%;8:32;;;0;5553
2018-06-01 22:16:33;2018-06-02 07:15:35;72%;8:59;;;0;1723
2018-06-02 23:40:43;2018-06-03 07:59:59;95%;8:19;;;0;2402
2018-06-03 23:54:03;2018-06-04 06:35:06;81%;6:41;;;0;617
2018-06-04 23:08:49;2018-06-05 06:17:54;86%;7:09;;;0;7099
2018-06-05 22:43:18;2018-06-06 06:33:29;90%;7:50;;;0;7140
2018-06-07 03:46:59;2018-06-07 06:35:43;36%;2:48;;;0;7923
2018-06-07 22:44:50;2018-06-08 08:18:56;100%;9:34;;;0;6671
2018-06-09 06:14:51;2018-06-09 13:04:49;77%;6:49;;;0;0
2018-06-09 22:06:40;2018-06-10 07:20:28;98%;9:13;;;0;4938
2018-06-10 21:45:41;2018-06-11 06:31:44;100%;8:46;;;0;6943
2018-06-11 22:09:00;2018-06-12 06:19:30;90%;8:10;;;0;7787
2018-06-12 22:16:00;2018-06-13 06:20:10;93%;8:04;;;0;12841
2018-06-14 01:07:47;2018-06-14 06:17:21;64%;5:09;;;0;7366
2018-06-14 21:57:25;2018-06-15 07:11:48;100%;9:14;;;0;7061
2018-06-15 22:35:26;2018-06-16 07:16:47;98%;8:41;;;0;4117
2018-06-16 22:35:59;2018-06-17 07:37:40;100%;9:01;;;0;3889
2018-06-17 22:34:53;2018-06-18 06:20:34;98%;7:45;;;0;5608
2018-06-19 00:02:46;2018-06-19 06:20:28;81%;6:17;;;0;6659
2018-06-20 01:01:35;2018-06-20 06:43:42;68%;5:42;;;0;7250
2018-06-21 00:24:40;2018-06-21 04:59:53;53%;4:35;;;0;7083
2018-06-21 22:54:33;2018-06-22 07:59:20;94%;9:04;;;0;5738
2018-06-23 02:14:14;2018-06-23 09:27:57;82%;7:13;;;0;1320
2018-06-23 23:22:01;2018-06-24 07:59:43;99%;8:37;;;0;11303
2018-06-24 22:28:42;2018-06-25 06:19:03;92%;7:50;;;0;11398
2018-06-25 22:26:53;2018-06-26 06:40:13;97%;8:13;;;0;13250
2018-06-27 00:08:57;2018-06-27 07:59:51;92%;7:50;;;0;4954
2018-06-27 22:28:40;2018-06-28 07:05:22;98%;8:36;;;0;4332
2018-06-28 21:53:37;2018-06-29 07:10:12;100%;9:16;;;0;6446
2018-06-29 22:39:41;2018-06-30 07:08:08;98%;8:28;;;0;11997
2018-06-30 23:15:49;2018-07-01 07:04:13;98%;7:48;;;0;3082
2018-07-01 23:32:55;2018-07-02 07:38:57;99%;8:06;;;0;1613
2018-07-02 22:02:29;2018-07-03 06:59:58;100%;8:57;;;0;4759
2018-07-03 22:35:27;2018-07-04 06:59:00;100%;8:23;;;0;3525
2018-07-05 00:09:49;2018-07-05 08:01:08;82%;7:51;;;0;1798
2018-07-05 21:42:48;2018-07-06 07:00:22;96%;9:17;;;0;6232
2018-07-08 22:44:21;2018-07-09 07:00:11;95%;8:15;;;0;2680
2018-07-09 21:51:07;2018-07-10 06:54:56;100%;9:03;;;0;13702
2018-07-10 23:56:04;2018-07-11 08:04:17;85%;8:08;;;0;4185
2018-07-11 23:19:09;2018-07-12 08:08:02;100%;8:48;;;0;4291
2018-07-13 00:31:24;2018-07-13 08:08:12;92%;7:36;;;0;9399
2018-07-14 01:20:07;2018-07-14 08:25:30;86%;7:05;;;0;3127
2018-07-14 23:58:19;2018-07-15 07:59:55;100%;8:01;;;0;11013
2018-07-15 23:35:26;2018-07-16 07:21:09;76%;7:45;;;0;6327
2018-07-17 01:05:45;2018-07-17 08:23:41;80%;7:17;;;0;9748
2018-07-18 00:18:44;2018-07-18 08:18:15;81%;7:59;;;0;8275
2018-07-18 22:32:04;2018-07-19 07:20:47;87%;8:48;;;0;12054
2018-07-19 23:43:13;2018-07-20 07:39:09;100%;7:55;;;0;6690
2018-07-20 22:02:12;2018-07-21 07:09:38;59%;9:07;;;0;3245
2018-07-21 22:28:55;2018-07-22 07:00:41;69%;8:31;;;0;2163
2018-07-22 21:56:40;2018-07-23 06:57:45;100%;9:01;;;0;2123
2018-07-23 22:59:18;2018-07-24 06:55:40;93%;7:56;;;0;6475
2018-07-25 00:50:06;2018-07-25 08:03:53;90%;7:13;;;0;11227
2018-07-25 23:35:37;2018-07-26 07:50:38;97%;8:15;;;0;9309
2018-07-26 23:34:51;2018-07-27 07:53:23;96%;8:18;;;0;12245
2018-07-28 02:06:21;2018-07-28 09:21:55;76%;7:15;;;0;4967
2018-07-29 02:26:02;2018-07-29 09:01:10;73%;6:35;;;0;24115
2018-07-29 22:31:29;2018-07-30 06:36:31;85%;8:05;;;0;11993
2018-07-30 23:07:29;2018-07-31 06:54:52;75%;7:47;;;0;7731
2018-07-31 22:05:32;2018-08-01 06:52:31;100%;8:46;;;0;5815
2018-08-01 21:40:36;2018-08-02 06:53:09;100%;9:12;;;0;8712
2018-08-02 23:50:39;2018-08-03 08:31:39;100%;8:40;;;0;8639
2018-08-04 00:45:22;2018-08-04 09:35:09;100%;8:49;;;0;3618
2018-08-05 00:37:05;2018-08-05 09:13:15;80%;8:36;;;0;2854
2018-08-05 23:18:37;2018-08-06 07:15:40;96%;7:57;;;0;1513
2018-08-06 22:25:09;2018-08-07 07:30:26;100%;9:05;;;0;16230
2018-08-07 23:19:27;2018-08-08 07:02:26;80%;7:42;;;0;9619
2018-08-08 22:29:03;2018-08-09 06:54:23;100%;8:25;;;0;629
2018-08-09 21:31:59;2018-08-10 06:17:56;100%;8:45;;;0;5880
2018-08-11 02:21:19;2018-08-11 09:37:10;81%;7:15;;;0;7574
2018-08-11 23:13:40;2018-08-12 07:19:57;84%;8:06;;;0;9065
2018-08-12 22:04:13;2018-08-13 06:26:46;97%;8:22;;;0;4870
2018-08-13 23:14:02;2018-08-14 07:16:07;84%;8:02;;;0;8255
2018-08-14 21:21:52;2018-08-15 06:30:19;96%;9:08;;;0;8964
2018-08-15 21:57:40;2018-08-16 06:31:14;100%;8:33;;;0;2954
2018-08-16 21:14:27;2018-08-17 06:26:11;56%;9:11;;;0;4264
2018-08-19 02:04:55;2018-08-19 09:37:43;84%;7:32;;;0;5767
2018-08-19 21:26:24;2018-08-20 06:12:51;98%;8:46;;;0;10142
2018-08-20 22:00:27;2018-08-21 06:17:49;93%;8:17;;;0;2586
2018-08-21 21:43:05;2018-08-22 06:19:52;98%;8:36;;;0;8505
2018-08-22 22:53:47;2018-08-23 06:53:07;67%;7:59;;;0;12498
2018-08-23 22:02:04;2018-08-24 06:16:00;86%;8:13;;;0;12406
2018-08-25 00:44:25;2018-08-25 08:35:54;83%;7:51;;;0;17948
2018-08-26 00:16:01;2018-08-26 08:35:51;96%;8:19;;;0;15325
2018-08-26 21:25:53;2018-08-27 06:10:00;86%;8:44;;;0;3896
2018-08-27 22:15:52;2018-08-28 05:55:20;90%;7:39;;;0;9490
2018-08-28 21:54:38;2018-08-29 06:15:13;98%;8:20;;;0;6452
2018-08-30 21:17:07;2018-08-31 06:20:58;96%;9:03;;;0;3524
2018-09-01 01:08:45;2018-09-01 08:16:46;85%;7:08;;;0;17168
2018-09-02 03:06:51;2018-09-02 09:42:57;76%;6:36;;;0;16706
2018-09-02 22:49:55;2018-09-03 06:20:19;87%;7:30;;;0;2330
2018-09-03 22:47:14;2018-09-04 06:28:01;49%;7:40;;;0;5531
2018-09-04 22:15:03;2018-09-05 06:30:09;100%;8:15;;;0;1368
2018-09-05 22:39:52;2018-09-06 06:27:11;96%;7:47;;;0;2517
2018-09-06 21:46:24;2018-09-07 06:26:24;100%;8:39;;;0;451
2018-09-07 21:33:23;2018-09-08 06:30:46;64%;8:57;;;0;2441
2018-09-08 23:09:09;2018-09-09 07:30:04;68%;8:20;;;0;1231
2018-09-09 21:45:57;2018-09-10 06:29:55;74%;8:43;;;0;1806
2018-09-10 21:39:59;2018-09-11 06:25:28;75%;8:45;;;0;3282
2018-09-11 22:18:40;2018-09-12 06:24:58;72%;8:06;;;0;502
2018-09-12 21:17:35;2018-09-13 06:23:06;91%;9:05;;;0;8405
2018-09-13 22:23:09;2018-09-14 04:39:11;73%;6:16;;;0;8137
2018-09-15 00:32:54;2018-09-15 08:33:39;100%;8:00;;;0;3024
2018-09-15 23:11:25;2018-09-16 05:57:06;71%;6:45;;;0;1355
2018-09-16 21:56:03;2018-09-17 06:30:36;94%;8:34;;;0;2568
2018-09-17 23:24:13;2018-09-18 07:11:38;84%;7:47;;;0;5353
2018-09-18 22:49:13;2018-09-19 07:07:49;89%;8:18;;;0;1600
2018-09-19 21:52:43;2018-09-20 06:42:40;83%;8:49;;;0;1967
2018-09-20 21:19:37;2018-09-21 07:08:09;94%;9:48;;;0;6316
2018-09-21 22:50:57;2018-09-22 07:14:04;84%;8:23;;;0;8886
2018-09-22 20:30:07;2018-09-23 06:56:47;73%;10:26;;;0;987
2018-09-23 22:13:46;2018-09-24 06:45:45;78%;8:31;;;0;856
2018-09-25 01:06:31;2018-09-25 08:12:35;77%;7:06;;;0;2927
2018-09-25 21:29:12;2018-09-26 06:09:10;89%;8:39;;;0;764
2018-09-26 22:56:21;2018-09-27 06:34:48;76%;7:38;;;0;1772
2018-09-27 22:14:11;2018-09-28 06:24:56;83%;8:10;;;0;10937
2018-09-28 23:33:55;2018-09-29 05:54:48;68%;6:20;;;0;16102
2018-09-29 20:58:50;2018-09-30 06:05:36;84%;9:06;;;0;3076
2018-09-30 22:13:43;2018-10-01 06:30:01;70%;8:16;;;0;1811
2018-10-01 21:11:53;2018-10-02 06:11:59;100%;9:00;;;0;4556
2018-10-02 22:17:36;2018-10-03 06:49:50;93%;8:32;;;0;100
2018-10-03 22:47:02;2018-10-04 06:48:46;75%;8:01;;;0;204
2018-10-04 21:19:32;2018-10-05 06:49:56;89%;9:30;;;0;0
2018-10-05 21:22:18;2018-10-06 06:50:08;84%;9:27;;;0;0
2018-10-06 21:45:13;2018-10-07 06:45:00;89%;8:59;;;0;0
2018-10-07 20:43:28;2018-10-08 04:57:46;82%;8:14;;;0;0
2018-10-08 21:25:58;2018-10-09 06:29:58;100%;9:04;;;0;0
2018-10-09 21:42:33;2018-10-10 06:29:45;71%;8:47;;;0;0
2018-10-10 21:54:07;2018-10-11 06:29:52;79%;8:35;;;0;0
2018-10-11 20:58:42;2018-10-12 06:29:11;83%;9:30;;;0;278
2018-10-14 01:32:29;2018-10-14 08:14:47;82%;6:42;;;0;0
2018-10-14 22:13:06;2018-10-15 06:30:37;73%;8:17;;;0;0
2018-10-15 22:05:52;2018-10-16 06:29:58;78%;8:24;;;0;0
2018-10-16 21:44:20;2018-10-17 06:27:25;78%;8:43;;;0;0
2018-10-17 21:37:48;2018-10-18 06:29:51;78%;8:52;;;0;0
2018-10-18 21:45:30;2018-10-19 06:29:17;78%;8:43;;;0;0
2018-10-19 21:58:56;2018-10-20 06:30:32;78%;8:31;;;0;0
2018-10-20 21:45:31;2018-10-21 06:29:21;83%;8:43;;;0;400
2018-10-21 22:43:29;2018-10-22 06:30:38;62%;7:47;;;0;522
2018-10-22 21:38:56;2018-10-23 06:29:06;86%;8:50;;;0;230
2018-10-23 21:35:20;2018-10-24 06:30:51;72%;8:55;;;0;0
2018-10-24 22:28:09;2018-10-25 06:29:52;80%;8:01;;;0;0
2018-10-25 22:15:23;2018-10-26 06:29:57;68%;8:14;;;0;153
2018-10-27 01:20:44;2018-10-27 09:30:53;86%;8:10;;;0;0
2018-10-27 22:02:05;2018-10-28 06:22:17;73%;8:20;;;0;0
2018-10-28 21:18:43;2018-10-29 06:24:50;90%;9:06;;;0;411
2018-10-29 22:26:35;2018-10-30 06:59:55;83%;8:33;;;0;669
2018-10-30 22:08:40;2018-10-31 06:49:43;80%;8:41;;;0;682
2018-10-31 22:53:36;2018-11-01 06:47:56;69%;7:54;;;0;0
2018-11-01 21:32:59;2018-11-02 06:45:57;82%;9:12;;;0;0
2018-11-03 23:19:43;2018-11-04 06:27:24;73%;8:07;;;0;0
2018-11-04 20:46:07;2018-11-05 05:59:44;91%;9:13;;;0;113
2018-11-05 20:28:14;2018-11-06 05:58:00;78%;9:29;;;0;522
2018-11-06 20:59:49;2018-11-07 05:56:23;83%;8:56;;;0;379
2018-11-07 21:12:19;2018-11-08 05:58:02;87%;8:45;;;0;656
2018-11-08 21:36:25;2018-11-09 05:59:48;78%;8:23;;;0;212
2018-11-09 21:37:55;2018-11-10 05:59:45;80%;8:21;;;0;1205
2018-11-11 01:30:20;2018-11-11 09:30:40;81%;8:00;;;0;75
2018-11-11 21:28:05;2018-11-12 06:20:41;84%;8:52;;;0;1701
2018-11-12 22:00:53;2018-11-13 06:16:30;92%;8:15;;;0;74
2018-11-13 21:42:05;2018-11-14 06:16:37;86%;8:34;;;0;6783
2018-11-14 21:47:29;2018-11-15 06:19:51;78%;8:32;;;0;10721
2018-11-15 22:02:07;2018-11-16 06:20:38;85%;8:18;;;0;747
2018-11-16 22:06:00;2018-11-17 06:30:13;84%;8:24;;;0;16442
2018-11-17 21:42:02;2018-11-18 06:29:36;88%;8:47;;;0;14634
2018-11-18 22:19:51;2018-11-19 06:29:03;86%;8:09;;;0;2899
2018-11-19 22:11:30;2018-11-20 06:25:33;83%;8:14;;;0;605
2018-11-20 21:53:24;2018-11-21 06:30:34;84%;8:37;;;0;1349
2018-11-21 22:41:25;2018-11-22 07:00:23;79%;8:18;;;0;7889
2018-11-22 23:12:11;2018-11-23 07:13:43;79%;8:01;;;0;1531
2018-11-23 22:13:39;2018-11-24 06:47:20;83%;8:33;;;0;1258
2018-11-24 22:24:33;2018-11-25 06:50:45;83%;8:26;;;0;2353
2018-11-25 22:11:46;2018-11-26 05:46:07;94%;7:34;;;0;3560
2018-11-26 22:38:44;2018-11-27 06:09:01;95%;7:30;;;0;10082
2018-11-27 21:43:22;2018-11-28 06:32:45;100%;8:49;;;0;10765
2018-11-28 21:09:54;2018-11-29 06:39:50;100%;9:29;;;0;7815
2018-11-29 22:34:06;2018-11-30 06:49:50;92%;8:15;;;0;5475
2018-11-30 22:48:14;2018-12-01 07:29:12;83%;8:40;;;0;2100
2018-12-01 22:09:54;2018-12-02 07:13:31;89%;9:03;;;0;1366
2018-12-02 21:56:08;2018-12-03 06:45:27;74%;8:49;;;0;1013
2018-12-03 22:31:21;2018-12-04 06:53:40;87%;8:22;;;0;3202
2018-12-04 22:51:58;2018-12-05 07:25:46;81%;8:33;;;0;16007
2018-12-05 22:45:07;2018-12-06 07:58:36;91%;9:13;;;0;2438
2018-12-06 22:06:44;2018-12-07 07:24:03;85%;9:17;;;0;16635
2018-12-08 00:04:54;2018-12-08 08:29:30;81%;8:24;;;0;12853
2018-12-08 23:14:36;2018-12-09 07:26:09;84%;8:11;;;0;16365
2018-12-09 22:14:49;2018-12-10 07:34:43;87%;9:19;;;0;16979
2018-12-10 22:11:49;2018-12-11 07:19:40;94%;9:07;;;0;1016
2018-12-11 22:28:02;2018-12-12 07:19:31;92%;8:51;;;0;16654
2018-12-12 22:03:43;2018-12-13 07:29:26;98%;9:25;;;0;16072
2018-12-13 22:13:18;2018-12-14 07:30:37;92%;9:17;;;0;10251
2018-12-14 22:01:20;2018-12-15 07:24:09;84%;9:22;;;0;15785
2018-12-16 01:30:46;2018-12-16 10:15:42;92%;8:44;;;0;2338
2018-12-16 22:33:53;2018-12-17 07:29:54;91%;8:56;;;0;16801
2018-12-17 22:31:00;2018-12-18 07:23:12;92%;8:52;;;0;17001
2018-12-18 22:28:48;2018-12-19 07:28:47;91%;8:59;;;0;16747
2018-12-20 23:51:34;2018-12-21 07:47:59;82%;7:56;;;0;5006
2018-12-21 22:20:25;2018-12-22 07:29:07;100%;9:08;;;0;3419
2018-12-22 23:06:13;2018-12-23 07:30:42;97%;8:24;;;0;17309
2018-12-23 23:02:18;2018-12-24 07:28:26;96%;8:26;;;0;1014
2018-12-24 22:03:57;2018-12-25 07:15:35;96%;9:11;;;0;2843
2018-12-25 23:58:55;2018-12-26 08:03:55;84%;8:04;;;0;971
2018-12-28 01:00:47;2018-12-28 09:05:43;85%;8:04;;;0;1780
2018-12-28 22:17:15;2018-12-29 07:29:53;93%;9:12;;;0;1929
2018-12-29 22:46:24;2018-12-30 07:26:57;87%;8:40;;;0;16069
2018-12-30 22:29:35;2018-12-31 07:30:48;89%;9:01;;;0;16862
2019-01-01 02:38:34;2019-01-01 11:29:31;86%;8:50;;;0;3406
2019-01-01 22:08:43;2019-01-02 07:29:00;97%;9:20;;;0;18421
2019-01-02 22:40:25;2019-01-03 07:29:46;84%;8:49;;;0;1175
2019-01-04 00:03:38;2019-01-04 08:22:14;89%;8:18;;;0;15749
2019-01-04 23:28:36;2019-01-05 07:29:50;78%;8:01;;;0;13424
2019-01-06 00:29:40;2019-01-06 08:45:39;83%;8:15;;;0;9412
2019-01-07 00:49:59;2019-01-07 08:44:57;81%;7:54;;;0;6277
2019-01-07 19:21:16;2019-01-08 06:37:48;87%;11:16;;;0;7092
2019-01-08 20:53:52;2019-01-09 06:29:24;93%;9:35;;;0;2050
2019-01-09 23:05:00;2019-01-10 07:29:45;86%;8:24;;;0;7200
2019-01-10 22:52:02;2019-01-11 07:30:14;88%;8:38;;;0;16827
2019-01-13 01:32:00;2019-01-13 09:16:38;71%;7:44;;;0;1942
2019-01-14 01:29:18;2019-01-14 10:14:18;85%;8:44;;;0;16709
2019-01-15 00:21:05;2019-01-15 08:57:41;88%;8:36;;;0;6779
2019-01-15 23:49:56;2019-01-16 08:39:56;100%;8:49;;;0;8292
2019-01-17 00:01:01;2019-01-17 08:16:43;95%;8:15;;;0;2772
2019-01-18 01:28:23;2019-01-18 11:16:49;86%;9:48;;;0;11571
2019-01-19 03:04:44;2019-01-19 10:27:37;71%;7:22;;;0;7323
2019-01-20 00:36:36;2019-01-20 08:59:11;74%;8:22;;;0;8165
2019-01-20 23:56:07;2019-01-21 07:29:48;73%;7:33;;;0;4856
2019-01-21 21:32:45;2019-01-22 07:30:45;78%;9:58;;;0;4368
2019-01-22 21:44:57;2019-01-23 05:50:21;66%;8:05;;;0;5399
2019-01-23 22:35:32;2019-01-24 05:50:09;66%;7:14;;;0;4054
2019-01-24 21:54:03;2019-01-25 05:47:25;83%;7:53;;;0;16565
2019-01-25 22:43:04;2019-01-26 07:20:01;91%;8:36;;;0;6678
2019-01-26 22:35:17;2019-01-27 07:20:45;86%;8:45;;;0;9176
2019-01-27 23:17:30;2019-01-28 07:19:45;75%;8:02;;;0;14911
2019-01-28 22:23:50;2019-01-29 07:16:39;83%;8:52;;;0;13093
2019-01-29 22:13:07;2019-01-30 04:51:22;81%;6:38;;;0;7893
2019-01-30 23:31:00;2019-01-31 08:00:14;100%;8:29;;;0;1700
2019-01-31 22:28:58;2019-02-01 08:31:36;100%;10:02;;;0;3016
2019-02-03 23:55:38;2019-02-04 08:07:27;74%;8:11;;;0;12373
2019-02-04 22:52:21;2019-02-05 07:30:19;84%;8:37;;;0;14070
2019-02-05 23:04:27;2019-02-06 07:29:42;79%;8:25;;;0;11584
2019-02-06 22:18:42;2019-02-07 07:29:24;85%;9:10;;;0;2766
2019-02-07 22:48:15;2019-02-08 07:28:49;84%;8:40;;;0;500
2019-02-08 22:21:50;2019-02-09 07:28:18;79%;9:06;;;0;628
2019-02-10 00:30:50;2019-02-10 08:27:30;81%;7:56;;;0;643
2019-02-10 23:50:47;2019-02-11 07:58:53;75%;8:08;;;0;3469
2019-02-11 23:30:28;2019-02-12 07:37:50;76%;8:07;;;0;539
2019-02-12 23:55:26;2019-02-13 07:49:45;81%;7:54;;;0;3255
2019-02-14 00:25:34;2019-02-14 08:13:08;75%;7:47;;;0;7422
2019-02-15 00:40:55;2019-02-15 08:29:43;79%;7:48;;;0;16064
2019-02-16 01:37:49;2019-02-16 09:21:50;92%;7:44;;;0;19359
2019-02-16 23:54:44;2019-02-17 09:04:58;79%;9:10;;;0;17114
2019-02-17 22:58:58;2019-02-18 07:00:19;91%;8:01;;;0;10306
2019-02-18 22:48:20;2019-02-19 07:27:45;87%;8:39;;;0;270
2019-02-19 23:22:07;2019-02-20 07:27:39;74%;8:05;;;0;15958
2019-02-20 22:15:35;2019-02-21 07:29:05;92%;9:13;;;0;230
2019-02-21 23:52:10;2019-02-22 07:28:27;87%;7:36;;;0;16383
2019-02-24 03:15:19;2019-02-24 10:11:52;71%;6:56;;;0;7835
2019-02-25 00:21:06;2019-02-25 07:27:44;76%;7:06;;;0;2181
2019-02-25 22:09:33;2019-02-26 07:30:50;87%;9:21;;;0;560
2019-02-26 22:46:53;2019-02-27 07:30:36;87%;8:43;;;0;10170
2019-02-27 22:56:54;2019-02-28 07:24:33;86%;8:27;;;0;5223
2019-02-28 23:14:19;2019-03-01 07:26:19;78%;8:11;;;0;16115
2019-03-02 22:15:04;2019-03-03 09:20:17;98%;11:05;;;0;469
2019-03-03 23:26:03;2019-03-04 08:53:28;90%;9:27;;;0;1756
2019-03-04 23:48:41;2019-03-05 08:03:38;79%;8:14;;;0;8607
2019-03-05 22:58:52;2019-03-06 09:28:17;88%;10:29;;;0;1074
2019-03-06 23:19:50;2019-03-07 08:35:00;80%;9:15;;;0;13850
2019-03-07 23:19:33;2019-03-08 08:28:19;85%;9:08;;;0;6406
2019-03-08 22:40:23;2019-03-09 08:28:27;74%;9:48;;;0;373
2019-03-09 23:48:42;2019-03-10 08:43:23;72%;7:54;;;0;931
2019-03-10 23:12:04;2019-03-11 08:44:03;94%;9:31;;;0;867
2019-03-11 23:07:02;2019-03-12 08:19:40;80%;9:12;;;0;2441
2019-03-12 22:21:13;2019-03-13 07:53:05;87%;9:31;;;0;320
2019-03-13 23:25:20;2019-03-14 08:29:17;79%;9:03;;;0;10872
2019-03-15 01:00:35;2019-03-15 09:29:32;91%;8:28;;;0;17851
2019-03-15 23:12:25;2019-03-16 07:35:06;90%;8:22;;;0;17887
2019-03-17 22:31:10;2019-03-18 07:29:36;93%;8:58;;;0;18603
2019-03-18 23:01:00;2019-03-19 08:19:42;81%;9:18;;;0;18230
2019-03-19 22:22:27;2019-03-20 07:52:14;86%;9:29;;;0;17391
2019-03-20 22:48:19;2019-03-21 08:15:14;93%;9:26;;;0;946
2019-03-21 22:36:32;2019-03-22 08:18:37;86%;9:42;;;0;1943
2019-03-23 00:58:22;2019-03-23 08:29:36;62%;7:31;;;0;1019
2019-03-24 01:33:30;2019-03-24 09:24:30;67%;7:51;;;0;18715
2019-03-24 21:47:31;2019-03-25 08:21:04;77%;10:33;;;0;23346
2019-03-25 23:38:34;2019-03-26 08:30:24;90%;8:51;;;0;16656
2019-03-26 22:45:00;2019-03-27 07:34:44;67%;8:49;;;0;17202
2019-03-27 22:23:31;2019-03-28 07:58:47;90%;9:35;;;0;5445
2019-03-28 23:16:23;2019-03-29 07:55:16;86%;8:38;;;0;1890
2019-03-30 03:39:17;2019-03-30 10:46:32;67%;7:07;;;0;24885
2019-03-31 01:07:37;2019-03-31 09:37:37;74%;8:29;;;0;14292
2019-04-01 00:07:42;2019-04-01 08:34:37;90%;8:26;;;0;15484
2019-04-02 00:05:26;2019-04-02 08:34:42;73%;8:29;;;0;14764
2019-04-02 23:09:50;2019-04-03 07:37:49;93%;8:27;;;0;17709
2019-04-04 01:12:44;2019-04-04 08:57:52;73%;7:45;;;0;12710
2019-04-04 23:12:16;2019-04-05 08:01:15;78%;8:48;;;0;1785
2019-04-09 00:26:52;2019-04-09 03:49:57;33%;3:23;;;0;1003
2019-04-09 22:10:09;2019-04-10 08:43:08;95%;10:32;;;0;16911
2019-04-10 22:26:01;2019-04-11 08:45:37;79%;10:19;;;0;901
2019-04-11 22:46:10;2019-04-12 08:24:14;84%;9:38;;;0;2987
2019-04-12 22:12:22;2019-04-13 03:42:32;61%;5:30;;;0;11212
2019-04-14 00:10:41;2019-04-14 08:50:16;87%;8:39;;;0;7981
2019-04-15 00:32:39;2019-04-15 08:05:44;71%;7:33;;;0;7774
2019-04-16 22:23:40;2019-04-17 07:19:42;80%;8:56;;;0;6646
2019-04-17 22:37:44;2019-04-18 07:20:37;78%;8:42;;;0;22174
2019-04-18 22:59:18;2019-04-19 07:19:36;68%;8:20;;;0;22883
2019-04-19 21:47:04;2019-04-20 07:19:24;80%;9:32;;;0;1569
2019-04-20 22:01:21;2019-04-21 04:57:23;67%;6:56;;;0;648
2019-04-21 21:46:08;2019-04-22 07:20:04;90%;9:33;;;0;1141
2019-04-22 23:29:36;2019-04-23 07:13:16;78%;7:43;;;0;2298
2019-04-23 22:15:08;2019-04-24 07:15:27;85%;9:00;;;0;1287
2019-04-24 22:35:33;2019-04-25 07:14:41;80%;8:39;;;0;2604
2019-04-25 23:01:15;2019-04-26 07:13:19;72%;8:12;;;0;620
2019-04-26 23:56:35;2019-04-27 08:14:12;71%;8:17;;;0;15678
2019-04-27 21:57:30;2019-04-28 07:14:46;92%;9:17;;;0;16664
2019-04-28 22:47:52;2019-04-29 07:21:29;87%;8:33;;;0;11212
2019-04-29 22:23:07;2019-04-30 07:22:01;85%;8:58;;;0;17730
2019-04-30 23:28:53;2019-05-01 07:33:06;71%;8:04;;;0;589
2019-05-02 02:02:05;2019-05-02 07:14:26;37%;5:12;;;0;19906
2019-05-02 23:52:09;2019-05-03 08:03:13;66%;8:11;;;0;6833
2019-05-04 22:55:35;2019-05-05 07:53:19;89%;8:57;;;0;957
2019-05-05 22:52:07;2019-05-06 07:54:36;87%;9:02;;;0;1181
2019-05-06 23:26:42;2019-05-07 07:53:42;83%;8:27;;;0;273
2019-05-07 22:06:05;2019-05-08 07:54:00;80%;9:47;;;0;1642
2019-05-08 23:45:27;2019-05-09 08:01:42;81%;8:16;;;0;4338
2019-05-09 23:54:47;2019-05-10 08:03:22;81%;8:08;;;0;5374
2019-05-11 00:53:34;2019-05-11 09:05:04;71%;8:11;;;0;2244
2019-05-12 23:13:50;2019-05-13 07:35:45;88%;8:21;;;0;1725
2019-05-14 01:01:48;2019-05-14 08:53:40;76%;7:51;;;0;579
2019-05-15 02:54:11;2019-05-15 09:21:40;78%;6:27;;;0;3745
2019-05-16 02:30:56;2019-05-16 09:02:03;75%;6:31;;;0;3900
2019-05-17 01:07:56;2019-05-17 07:04:53;65%;5:56;;;0;4395
2019-05-20 00:05:08;2019-05-20 08:09:51;89%;8:04;;;0;3868
2019-05-20 23:53:29;2019-05-21 08:10:49;75%;8:17;;;0;1481
2019-05-22 02:38:43;2019-05-22 09:21:59;78%;6:43;;;0;3616
2019-05-23 00:24:11;2019-05-23 08:40:52;74%;8:16;;;0;3444
2019-05-23 23:57:27;2019-05-24 07:58:20;81%;8:00;;;0;2509
2019-05-26 00:09:13;2019-05-26 08:30:32;74%;8:21;;;0;1524
2019-05-27 22:24:29;2019-05-28 05:49:22;93%;7:24;;;0;1438
2019-05-29 00:50:29;2019-05-29 08:39:16;84%;7:48;;;0;3743
2019-06-15 21:52:26;2019-06-16 08:40:30;86%;10:48;;;0;461
2019-06-16 22:44:58;2019-06-17 06:58:48;87%;8:13;;;0;2889
2019-06-17 23:25:58;2019-06-18 07:25:49;72%;7:59;;;0;2885
2019-06-19 00:03:28;2019-06-19 08:25:03;85%;8:21;;;0;1520
2019-06-19 23:10:01;2019-06-20 08:05:56;84%;8:55;;;0;3679
2019-06-20 23:09:15;2019-06-21 07:50:01;88%;8:40;;;0;1374
2019-06-21 23:12:39;2019-06-22 06:19:48;81%;7:07;;;0;2153
2019-06-22 23:53:30;2019-06-23 07:53:36;91%;8:00;;;0;3176
2019-06-23 23:36:08;2019-06-24 08:02:34;85%;8:26;;;0;3049
2019-06-25 00:00:25;2019-06-25 08:04:48;73%;8:04;;;0;2485
2019-06-26 00:00:57;2019-06-26 08:04:19;68%;8:03;;;0;2256
2019-06-27 23:45:00;2019-06-28 08:03:50;92%;8:18;;;0;1577
2019-06-28 23:51:30;2019-06-29 08:03:04;92%;8:11;;;0;1403
2019-06-30 00:15:15;2019-06-30 08:05:31;71%;7:50;;;0;3867
2019-07-01 00:14:36;2019-07-01 08:01:58;73%;7:47;;;0;3233
2019-07-01 23:28:10;2019-07-02 08:05:39;88%;8:37;;;0;8760
2019-07-02 23:40:01;2019-07-03 08:05:35;89%;8:25;;;0;1376
2019-07-04 00:04:29;2019-07-04 08:03:49;90%;7:59;;;0;2796
2019-07-04 23:57:55;2019-07-05 08:03:17;86%;8:05;;;0;1892
2019-07-08 00:17:30;2019-07-08 08:20:37;90%;8:03;;;0;1244
2019-07-09 01:27:40;2019-07-09 09:30:05;75%;8:02;;;0;2936
2019-07-09 23:45:06;2019-07-10 08:05:29;79%;8:20;;;0;260
2019-07-10 23:24:08;2019-07-11 07:50:56;88%;8:26;;;0;9875
2019-07-11 23:47:04;2019-07-12 08:00:33;84%;8:13;;;0;714
2019-07-13 00:47:20;2019-07-13 09:13:10;91%;8:25;;;0;7357
2019-07-14 01:40:20;2019-07-14 09:34:26;59%;7:54;;;0;2773
2019-07-15 00:46:14;2019-07-15 09:00:04;87%;8:13;;;0;2674
2019-07-15 22:29:13;2019-07-16 07:58:44;85%;9:29;;;0;2162
2019-07-16 22:54:35;2019-07-17 08:00:53;84%;9:06;;;0;9116
2019-07-17 23:10:55;2019-07-18 08:00:44;92%;8:49;;;0;8841
2019-07-18 22:58:29;2019-07-19 08:00:45;91%;9:02;;;0;12940
2019-07-21 00:40:58;2019-07-21 08:40:14;80%;7:59;;;0;1767
2019-07-21 23:12:28;2019-07-22 07:26:14;86%;8:13;;;0;7361
2019-07-23 00:56:20;2019-07-23 08:50:16;90%;7:53;;;0;3261
2019-07-23 23:25:55;2019-07-24 07:53:30;99%;8:27;;;0;6394
2019-07-25 01:03:28;2019-07-25 09:54:13;79%;8:50;;;0;7013
2019-07-26 02:09:42;2019-07-26 10:09:38;72%;7:59;;;0;3358
2019-07-28 23:45:48;2019-07-29 06:53:10;70%;7:07;;;0;174
2019-08-03 20:58:00;2019-08-04 08:17:10;84%;11:19;;;0;4510
2019-08-04 23:59:06;2019-08-05 08:18:15;83%;8:19;;;0;32
2019-08-05 23:48:32;2019-08-06 09:18:32;89%;9:30;;;0;2665
2019-08-07 04:34:06;2019-08-07 11:16:45;75%;6:42;;;0;7007
2019-08-08 00:32:42;2019-08-08 09:07:40;97%;8:34;;;0;4005
2019-08-09 00:24:51;2019-08-09 08:03:40;71%;7:38;;;0;2836
2019-08-09 23:55:29;2019-08-10 08:04:16;81%;8:08;;;0;2353
2019-08-11 00:38:03;2019-08-11 07:58:51;88%;7:20;;;0;4629
2019-08-12 03:01:15;2019-08-12 09:50:42;82%;6:49;;;0;5259
2019-08-13 00:32:49;2019-08-13 08:30:03;96%;7:57;;;0;2812
2019-08-14 00:54:57;2019-08-14 08:29:27;81%;7:34;;;0;1666
2019-08-15 00:32:52;2019-08-15 08:38:50;79%;8:05;;;0;4181
2019-08-16 01:10:05;2019-08-16 09:09:23;71%;7:59;;;0;1885
2019-08-19 01:39:09;2019-08-19 09:03:50;69%;7:24;;;0;4878
2019-08-19 23:12:07;2019-08-20 07:59:40;100%;8:47;;;0;9457
2019-08-21 01:29:04;2019-08-21 09:11:07;85%;7:42;;;0;1297
2019-08-28 01:47:40;2019-08-28 10:00:49;83%;8:13;;;0;5230
2019-08-30 01:09:26;2019-08-30 09:59:57;98%;8:50;;;0;7049
2019-09-01 00:29:25;2019-09-01 10:00:13;100%;9:30;;;0;3642
2019-09-02 02:13:53;2019-09-02 10:58:36;83%;8:44;;;0;4047
2019-09-03 01:18:05;2019-09-03 10:58:38;92%;9:40;;;0;3566
2019-09-04 01:40:52;2019-09-04 10:28:03;100%;8:47;;;0;12537
2019-09-05 02:11:58;2019-09-05 10:24:17;84%;8:12;;;0;10975
2019-09-06 02:10:24;2019-09-06 07:58:00;67%;5:47;;;0;3835
2019-09-06 22:36:07;2019-09-07 07:20:27;92%;8:44;;;0;12587
2019-09-08 22:33:18;2019-09-09 08:00:48;90%;9:27;;;0;711
2019-09-10 23:58:57;2019-09-11 07:52:24;86%;7:53;;;0;9580
2019-09-11 23:03:33;2019-09-12 07:59:10;87%;8:55;;;0;10966
2019-09-13 00:06:55;2019-09-13 08:00:41;72%;7:53;;;0;4698
2019-09-22 23:07:48;2019-09-23 07:28:27;91%;8:20;;;0;2831
2019-09-24 00:17:42;2019-09-24 08:09:58;76%;7:52;;;0;2274
2019-09-24 23:32:49;2019-09-25 07:28:31;82%;7:55;;;0;2601
2019-09-25 23:52:53;2019-09-26 08:00:09;100%;8:07;;;0;9462
2019-09-27 00:11:36;2019-09-27 07:59:57;85%;7:48;;;0;819
2019-09-28 04:33:16;2019-09-28 10:49:47;62%;6:16;;;0;3839
2019-09-29 04:12:13;2019-09-29 11:10:45;71%;6:58;;;0;1456
2019-09-29 22:43:06;2019-09-30 07:03:20;100%;8:20;;;0;5322
2019-10-01 01:33:36;2019-10-01 08:59:44;83%;7:26;;;0;2158
2019-10-02 00:15:42;2019-10-02 08:28:54;54%;8:13;;;0;2324
2019-10-03 01:21:33;2019-10-03 09:26:35;77%;8:05;;;0;1960
2019-10-04 00:08:10;2019-10-04 08:42:47;69%;8:34;;;0;8419
2019-10-05 02:10:34;2019-10-05 09:59:59;73%;7:49;;;0;391
2019-10-06 03:53:19;2019-10-06 11:30:46;62%;7:37;;;0;1278
2019-10-07 01:07:00;2019-10-07 09:09:45;71%;8:02;;;0;3724
2019-10-08 01:21:26;2019-10-08 09:15:00;64%;7:53;;;0;1169
2019-10-09 00:53:29;2019-10-09 08:48:12;62%;7:54;;;0;4478
2019-10-10 00:11:46;2019-10-10 08:00:28;59%;7:48;;;0;8768
2019-10-10 23:44:40;2019-10-11 07:59:58;64%;8:15;;;0;6106
2019-10-14 00:12:59;2019-10-14 08:29:04;71%;8:16;;;0;1849
2019-10-14 22:21:08;2019-10-15 05:27:42;80%;7:06;;;0;1536
2019-10-15 23:37:45;2019-10-16 07:29:55;46%;7:52;;;0;1628
2019-10-17 00:21:14;2019-10-17 08:29:48;84%;8:08;;;0;4416
2019-10-18 01:54:33;2019-10-18 09:46:50;90%;7:52;;;0;342
2019-10-19 00:50:39;2019-10-19 08:49:08;86%;7:58;;;0;4680
2019-10-20 23:11:54;2019-10-21 07:40:16;80%;8:28;;;0;1956
2019-10-21 23:23:50;2019-10-22 07:30:28;77%;8:06;;;0;354
2019-10-23 00:05:10;2019-10-23 07:29:36;68%;7:24;;;0;1941
2019-10-23 23:23:03;2019-10-24 07:29:22;75%;8:06;;;0;5010
2019-10-24 23:47:21;2019-10-25 07:37:43;67%;7:50;;;0;5589
2019-10-28 01:43:40;2019-10-28 09:10:17;64%;7:26;;;0;542
2019-10-28 23:38:05;2019-10-29 07:25:02;70%;7:46;;;0;5013
2019-10-29 22:53:49;2019-10-30 07:03:22;80%;8:09;;;0;1563
2019-10-31 00:27:49;2019-10-31 08:20:48;65%;7:52;;;0;890
2019-11-01 01:20:26;2019-11-01 08:20:12;62%;6:59;;;0;1640
2019-11-02 00:41:27;2019-11-02 10:16:57;63%;9:35;;;0;510
2019-11-03 00:35:33;2019-11-03 08:15:01;84%;8:39;;;0;4396
2019-11-04 00:39:03;2019-11-04 08:19:57;63%;7:40;;;0;3160
2019-11-04 23:54:20;2019-11-05 08:18:51;90%;8:24;;;0;4727
2019-11-05 23:26:02;2019-11-06 07:55:19;80%;8:29;;;0;1558
2019-11-07 01:25:19;2019-11-07 09:14:28;83%;7:49;;;0;2679
2019-11-08 00:35:21;2019-11-08 08:39:30;83%;8:04;;;0;434
2019-11-09 01:38:40;2019-11-09 09:00:04;80%;7:21;;;0;5563
2019-11-11 23:20:10;2019-11-12 08:59:55;81%;9:39;;;0;2178
2019-11-12 23:58:47;2019-11-13 08:59:47;94%;9:01;;;0;385
2019-11-14 00:35:32;2019-11-14 08:50:16;83%;8:14;;;0;4362
2019-11-15 01:31:54;2019-11-15 08:56:16;81%;7:24;;;0;2518
2019-11-18 00:29:35;2019-11-18 09:00:17;74%;8:30;;;0;178
2019-11-19 01:14:46;2019-11-19 09:19:44;79%;8:04;;;0;3923
2019-11-20 01:00:33;2019-11-20 08:59:56;76%;7:59;;;0;785
2019-11-21 02:04:33;2019-11-21 10:00:11;73%;7:55;;;0;375
2019-11-22 02:18:23;2019-11-22 10:00:44;71%;7:42;;;0;2367
2019-11-23 01:32:15;2019-11-23 09:30:10;74%;7:57;;;0;1087
2019-11-24 02:10:12;2019-11-24 08:20:17;69%;6:10;;;0;4536
2019-11-25 01:17:33;2019-11-25 09:20:47;82%;8:03;;;0;1322
2019-11-26 01:39:27;2019-11-26 09:20:14;79%;7:40;;;0;1713
2019-11-27 01:27:38;2019-11-27 09:29:51;68%;8:02;;;0;12039
2019-11-29 00:34:11;2019-11-29 08:30:18;77%;7:56;;;0;2101
2019-12-05 23:06:51;2019-12-06 07:40:10;78%;8:33;;;0;4035
2019-12-11 00:27:27;2019-12-11 08:09:55;75%;7:42;;;0;10785
2019-12-11 22:51:19;2019-12-12 07:50:05;75%;8:58;;;0;2456
2019-12-13 23:32:29;2019-12-14 08:30:44;75%;8:58;;;0;350
2019-12-16 00:56:29;2019-12-16 08:56:59;74%;8:00;;;0;889
2019-12-17 00:20:13;2019-12-17 08:58:44;89%;8:38;;;0;4754
2019-12-17 23:30:33;2019-12-18 08:20:45;91%;8:50;;;0;3886
2019-12-19 01:16:28;2019-12-19 09:22:48;80%;8:06;;;0;1903
2019-12-20 01:58:47;2019-12-20 09:50:11;72%;7:51;;;0;2112
2019-12-21 05:01:16;2019-12-21 12:29:42;84%;7:28;;;0;13181
2019-12-23 00:21:34;2019-12-23 08:29:50;87%;8:08;;;0;2310
2019-12-24 01:04:36;2019-12-24 09:14:07;85%;8:09;;;0;5901
2019-12-25 01:16:47;2019-12-25 08:40:25;75%;7:23;;;0;6136
2019-12-28 01:54:03;2019-12-28 10:00:06;87%;8:06;;;0;860
2019-12-29 03:06:22;2019-12-29 11:00:16;70%;7:53;;;0;4122
2019-12-30 00:25:58;2019-12-30 09:00:03;88%;8:34;;;0;731
2019-12-31 02:22:57;2019-12-31 10:15:16;84%;7:52;;;0;6903
2020-01-02 01:19:05;2020-01-02 09:15:23;89%;7:56;;;0;6389
2020-01-03 01:11:14;2020-01-03 09:39:48;89%;8:28;;;0;11299
2020-01-05 03:36:00;2020-01-05 11:30:57;86%;7:54;;;0;1699
2020-01-06 01:20:07;2020-01-06 09:49:54;69%;8:29;;;0;7012
2020-01-06 23:01:53;2020-01-07 08:00:16;81%;8:58;;;0;6839
2020-01-08 01:05:27;2020-01-08 08:30:16;80%;7:24;;;0;6305
2020-01-09 01:50:53;2020-01-09 09:30:24;87%;7:39;;;0;924
2020-01-26 23:46:34;2020-01-27 08:38:58;88%;8:52;;;0;1403
